CHROM,POS,REF,ALT,SampleCount
NC_045512.2,670,T,G,101
NC_045512.2,10447,G,A,101
NC_045512.2,10449,C,A,101
NC_045512.2,12880,C,T,101
NC_045512.2,17410,C,T,101
NC_045512.2,22775,G,A,101
NC_045512.2,22813,G,T,101
NC_045512.2,22882,T,G,101
NC_045512.2,22992,G,A,101
NC_045512.2,22995,C,"A,T,G",101
NC_045512.2,23013,A,"C,G",101
NC_045512.2,23018,T,"G,C",101
NC_045512.2,23055,A,G,101
NC_045512.2,23063,A,T,101
NC_045512.2,23075,T,C,101
NC_045512.2,23403,A,"G,T",101
NC_045512.2,23599,T,G,101
NC_045512.2,23604,C,A,101
NC_045512.2,24469,T,A,101
NC_045512.2,25584,C,T,101
NC_045512.2,26060,C,T,101
NC_045512.2,26270,C,T,101
NC_045512.2,26709,G,A,101
NC_045512.2,27807,C,T,101
NC_045512.2,28271,A,T,101
NC_045512.2,28311,C,T,101
NC_045512.2,28361,GGAGAACGCA,G,101
NC_045512.2,28370,A,"G,T",101
NC_045512.2,28881,G,A,101
NC_045512.2,28882,G,A,101
NC_045512.2,28883,G,C,101
NC_045512.2,29510,A,C,101
NC_045512.2,29733,CGAGGCCACGCGGAGTACGATCGAGTG,C,101
NC_045512.2,3037,C,T,100
NC_045512.2,9534,C,T,100
NC_045512.2,14408,C,T,100
NC_045512.2,15714,C,T,100
NC_045512.2,21618,C,T,100
NC_045512.2,21632,TTACCCCCTG,T,100
NC_045512.2,22200,T,"G,A",100
NC_045512.2,22786,A,C,100
NC_045512.2,23525,C,T,100
NC_045512.2,23854,C,A,100
NC_045512.2,9424,A,G,99
NC_045512.2,10029,C,T,99
NC_045512.2,10198,C,T,99
NC_045512.2,11287,GTCTGGTTTT,G,99
NC_045512.2,21987,G,A,99
NC_045512.2,23948,G,"T,C",99
NC_045512.2,24424,A,"T,C",99
NC_045512.2,26577,C,G,99
NC_045512.2,2790,C,T,98
NC_045512.2,4184,G,A,98
NC_045512.2,4321,C,T,98
NC_045512.2,9344,C,T,98
NC_045512.2,11296,T,G,98
NC_045512.2,21641,G,T,98
NC_045512.2,22674,C,T,98
NC_045512.2,22679,T,C,98
NC_045512.2,22686,C,T,98
NC_045512.2,22688,A,G,98
NC_045512.2,11291,G,A,97
NC_045512.2,19955,C,T,97
NC_045512.2,20055,A,G,97
NC_045512.2,22942,T,"A,G",97
NC_045512.2,29759,G,"C,A,T",97
NC_045512.2,18163,A,G,96
NC_045512.2,22578,G,A,96
NC_045512.2,25000,C,T,96
NC_045512.2,14960,A,T,95
NC_045512.2,241,C,T,93
NC_045512.2,22599,G,"C,T",92
NC_045512.2,29734,G,T,84
NC_045512.2,22917,T,G,79
NC_045512.2,21633,T,C,78
NC_045512.2,26858,C,T,77
NC_045512.2,22893,A,"C,G",75
NC_045512.2,9866,C,T,72
NC_045512.2,15451,G,A,72
NC_045512.2,11750,C,T,71
NC_045512.2,27259,A,C,71
NC_045512.2,27382,G,C,71
NC_045512.2,28363,A,T,71
NC_045512.2,22577,G,C,70
NC_045512.2,27889,C,T,70
NC_045512.2,25416,C,T,69
NC_045512.2,27384,T,C,68
NC_045512.2,26275,A,G,66
NC_045512.2,27383,A,T,66
NC_045512.2,12160,G,A,63
NC_045512.2,23031,T,C,63
NC_045512.2,19326,A,G,62
NC_045512.2,26529,G,A,61
NC_045512.2,22664,C,A,59
NC_045512.2,22898,G,A,59
NC_045512.2,23019,T,C,59
NC_045512.2,22109,C,G,58
NC_045512.2,21810,T,C,57
NC_045512.2,22000,C,A,57
NC_045512.2,1931,C,A,56
NC_045512.2,405,A,G,55
NC_045512.2,14257,T,C,54
NC_045512.2,15738,C,T,54
NC_045512.2,16935,G,A,53
NC_045512.2,17859,T,C,53
NC_045512.2,2954,T,C,51
NC_045512.2,28312,C,T,51
NC_045512.2,16342,T,C,50
NC_045512.2,22896,T,C,49
NC_045512.2,28681,G,T,49
NC_045512.2,15939,T,C,47
NC_045512.2,27915,G,T,44
NC_045512.2,22895,G,C,43
NC_045512.2,11288,T,A,42
NC_045512.2,17039,A,G,40
NC_045512.2,1627,C,T,38
NC_045512.2,17124,T,C,37
NC_045512.2,21764,ATACATG,A,37
NC_045512.2,21990,TTTA,T,37
NC_045512.2,21770,G,"A,C",33
NC_045512.2,22331,G,A,31
NC_045512.2,22001,A,G,27
NC_045512.2,22033,C,A,27
NC_045512.2,27012,C,T,27
NC_045512.2,22190,A,G,26
NC_045512.2,22016,T,C,24
NC_045512.2,28330,A,G,24
NC_045512.2,12310,G,A,22
NC_045512.2,12444,A,G,19
NC_045512.2,16616,C,A,19
NC_045512.2,6696,C,"CT,CTT",18
NC_045512.2,10204,T,C,18
NC_045512.2,11956,C,T,18
NC_045512.2,28297,T,C,18
NC_045512.2,22101,A,T,17
NC_045512.2,27038,A,G,16
NC_045512.2,27513,C,T,16
NC_045512.2,5183,C,T,15
NC_045512.2,22629,A,C,14
NC_045512.2,3796,C,T,13
NC_045512.2,44,C,T,12
NC_045512.2,21640,T,A,12
NC_045512.2,3927,C,T,11
NC_045512.2,12789,C,T,11
NC_045512.2,14856,A,G,11
NC_045512.2,28447,A,G,11
NC_045512.2,12730,T,A,10
NC_045512.2,22894,G,"T,A",10
NC_045512.2,22910,A,G,9
NC_045512.2,11146,G,T,8
NC_045512.2,18703,G,T,8
NC_045512.2,21993,A,T,8
NC_045512.2,22295,C,A,8
NC_045512.2,22332,G,"T,A",8
NC_045512.2,22916,C,A,8
NC_045512.2,29386,C,T,8
NC_045512.2,2445,C,T,7
NC_045512.2,4586,C,T,7
NC_045512.2,8991,C,T,7
NC_045512.2,20235,C,T,7
NC_045512.2,330,A,"G,T",6
NC_045512.2,2144,G,"A,T",6
NC_045512.2,5720,G,A,6
NC_045512.2,20741,A,G,6
NC_045512.2,21998,C,A,6
NC_045512.2,26078,C,T,6
NC_045512.2,1471,C,T,5
NC_045512.2,3857,C,A,5
NC_045512.2,5144,C,T,5
NC_045512.2,6541,C,T,5
NC_045512.2,6696,C,T,5
NC_045512.2,12030,A,G,5
NC_045512.2,18583,G,A,5
NC_045512.2,21766,A,C,5
NC_045512.2,22020,T,C,5
NC_045512.2,22054,T,G,5
NC_045512.2,23012,G,A,5
NC_045512.2,76,T,"A,C",4
NC_045512.2,78,T,"G,A",4
NC_045512.2,5406,T,C,4
NC_045512.2,7528,C,T,4
NC_045512.2,8140,C,T,4
NC_045512.2,10189,C,T,4
NC_045512.2,11311,T,G,4
NC_045512.2,14599,C,T,4
NC_045512.2,16887,C,T,4
NC_045512.2,17208,T,C,4
NC_045512.2,17678,C,T,4
NC_045512.2,18079,G,T,4
NC_045512.2,25810,C,T,4
NC_045512.2,27438,T,C,4
NC_045512.2,28550,C,A,4
NC_045512.2,29580,C,T,4
NC_045512.2,50,C,G,3
NC_045512.2,593,C,T,3
NC_045512.2,961,T,C,3
NC_045512.2,1820,G,A,3
NC_045512.2,2197,C,T,3
NC_045512.2,2710,C,T,3
NC_045512.2,6463,G,A,3
NC_045512.2,6770,A,G,3
NC_045512.2,6979,T,G,3
NC_045512.2,8208,C,T,3
NC_045512.2,8626,C,T,3
NC_045512.2,8692,C,T,3
NC_045512.2,8905,C,T,3
NC_045512.2,10605,C,CT,3
NC_045512.2,11824,C,T,3
NC_045512.2,12473,C,T,3
NC_045512.2,14184,C,T,3
NC_045512.2,15540,C,T,3
NC_045512.2,15957,G,T,3
NC_045512.2,15960,C,A,3
NC_045512.2,18874,T,"C,G",3
NC_045512.2,19524,C,"T,G",3
NC_045512.2,21077,C,T,3
NC_045512.2,21575,C,T,3
NC_045512.2,21811,C,T,3
NC_045512.2,22115,A,G,3
NC_045512.2,22314,C,"T,A",3
NC_045512.2,22468,G,"A,T",3
NC_045512.2,22530,C,T,3
NC_045512.2,23202,C,"A,T",3
NC_045512.2,23401,G,T,3
NC_045512.2,23535,A,G,3
NC_045512.2,23558,A,G,3
NC_045512.2,23758,C,"A,T",3
NC_045512.2,28079,G,T,3
NC_045512.2,28093,C,T,3
NC_045512.2,2,T,C,2
NC_045512.2,17,T,A,2
NC_045512.2,210,G,T,2
NC_045512.2,231,A,G,2
NC_045512.2,285,G,T,2
NC_045512.2,293,G,"A,T",2
NC_045512.2,370,G,"T,A",2
NC_045512.2,376,G,"A,T",2
NC_045512.2,625,G,T,2
NC_045512.2,1170,C,T,2
NC_045512.2,1912,C,T,2
NC_045512.2,2393,G,A,2
NC_045512.2,2395,C,T,2
NC_045512.2,2485,C,T,2
NC_045512.2,2509,C,T,2
NC_045512.2,2662,C,T,2
NC_045512.2,2832,A,G,2
NC_045512.2,3176,C,T,2
NC_045512.2,3293,C,"A,T",2
NC_045512.2,3339,T,C,2
NC_045512.2,3496,G,"T,A",2
NC_045512.2,3589,C,T,2
NC_045512.2,4016,G,A,2
NC_045512.2,4084,C,T,2
NC_045512.2,4234,C,T,2
NC_045512.2,4354,G,A,2
NC_045512.2,4361,G,A,2
NC_045512.2,4376,G,GT,2
NC_045512.2,4402,T,A,2
NC_045512.2,4435,T,C,2
NC_045512.2,4551,C,T,2
NC_045512.2,4555,T,C,2
NC_045512.2,4782,C,T,2
NC_045512.2,6040,C,T,2
NC_045512.2,6070,C,T,2
NC_045512.2,6312,C,CA,2
NC_045512.2,6476,G,"A,T",2
NC_045512.2,6622,G,A,2
NC_045512.2,6738,C,T,2
NC_045512.2,6786,C,T,2
NC_045512.2,7390,C,A,2
NC_045512.2,7735,C,T,2
NC_045512.2,7764,C,T,2
NC_045512.2,8092,C,T,2
NC_045512.2,8318,C,"A,T",2
NC_045512.2,8653,G,"T,C",2
NC_045512.2,8742,G,GT,2
NC_045512.2,8791,TG,"TGG,T",2
NC_045512.2,8905,CT,"CTT,C",2
NC_045512.2,9249,G,T,2
NC_045512.2,9502,C,T,2
NC_045512.2,9532,C,T,2
NC_045512.2,10207,C,T,2
NC_045512.2,10364,G,A,2
NC_045512.2,10369,C,T,2
NC_045512.2,10606,T,C,2
NC_045512.2,11572,C,T,2
NC_045512.2,11812,C,CA,2
NC_045512.2,12751,T,G,2
NC_045512.2,12871,T,C,2
NC_045512.2,15517,GT,"GTT,G",2
NC_045512.2,15521,T,A,2
NC_045512.2,16878,A,T,2
NC_045512.2,17622,A,"C,G",2
NC_045512.2,17676,C,T,2
NC_045512.2,18252,C,T,2
NC_045512.2,18756,GT,"GTT,G",2
NC_045512.2,19167,A,G,2
NC_045512.2,19170,C,T,2
NC_045512.2,19229,TTG,T,2
NC_045512.2,19328,C,T,2
NC_045512.2,19488,C,T,2
NC_045512.2,19547,C,T,2
NC_045512.2,19983,C,CT,2
NC_045512.2,20068,G,"A,T",2
NC_045512.2,20091,C,CA,2
NC_045512.2,21101,G,T,2
NC_045512.2,21152,G,T,2
NC_045512.2,21175,G,T,2
NC_045512.2,21617,A,C,2
NC_045512.2,21691,C,T,2
NC_045512.2,21846,C,T,2
NC_045512.2,21880,T,C,2
NC_045512.2,22062,CT,"C,CTT",2
NC_045512.2,22113,G,T,2
NC_045512.2,22151,A,G,2
NC_045512.2,22232,G,"C,A",2
NC_045512.2,22498,C,T,2
NC_045512.2,22600,A,T,2
NC_045512.2,22624,C,T,2
NC_045512.2,22792,C,T,2
NC_045512.2,22798,A,"T,G",2
NC_045512.2,22855,C,T,2
NC_045512.2,22988,G,A,2
NC_045512.2,22994,A,G,2
NC_045512.2,23587,G,A,2
NC_045512.2,23638,C,T,2
NC_045512.2,23825,C,CA,2
NC_045512.2,24210,C,T,2
NC_045512.2,24223,C,T,2
NC_045512.2,25049,G,T,2
NC_045512.2,25276,C,A,2
NC_045512.2,25471,G,C,2
NC_045512.2,25569,T,C,2
NC_045512.2,25614,C,T,2
NC_045512.2,25821,C,T,2
NC_045512.2,25916,C,"T,A",2
NC_045512.2,25973,A,G,2
NC_045512.2,26681,C,T,2
NC_045512.2,26894,C,T,2
NC_045512.2,26936,C,T,2
NC_045512.2,26959,G,"A,T",2
NC_045512.2,27431,C,T,2
NC_045512.2,27576,T,C,2
NC_045512.2,27741,C,T,2
NC_045512.2,27788,G,T,2
NC_045512.2,28077,G,"T,C",2
NC_045512.2,28344,C,T,2
NC_045512.2,28603,C,T,2
NC_045512.2,28724,C,T,2
NC_045512.2,28877,A,T,2
NC_045512.2,28878,G,C,2
NC_045512.2,29167,C,T,2
NC_045512.2,29173,T,C,2
NC_045512.2,8,G,A,1
NC_045512.2,9,T,A,1
NC_045512.2,31,A,G,1
NC_045512.2,36,C,T,1
NC_045512.2,61,G,T,1
NC_045512.2,75,C,T,1
NC_045512.2,94,G,T,1
NC_045512.2,128,T,TA,1
NC_045512.2,140,C,T,1
NC_045512.2,145,T,C,1
NC_045512.2,193,CT,C,1
NC_045512.2,195,T,C,1
NC_045512.2,223,A,G,1
NC_045512.2,225,C,T,1
NC_045512.2,252,G,T,1
NC_045512.2,295,G,GA,1
NC_045512.2,368,G,T,1
NC_045512.2,392,C,T,1
NC_045512.2,529,G,T,1
NC_045512.2,539,C,T,1
NC_045512.2,541,C,T,1
NC_045512.2,602,G,A,1
NC_045512.2,614,G,A,1
NC_045512.2,674,G,T,1
NC_045512.2,683,C,T,1
NC_045512.2,685,AAAGTCATTT,A,1
NC_045512.2,691,A,G,1
NC_045512.2,744,A,G,1
NC_045512.2,872,G,A,1
NC_045512.2,910,GTCC,G,1
NC_045512.2,929,A,G,1
NC_045512.2,952,C,T,1
NC_045512.2,963,A,G,1
NC_045512.2,1077,C,A,1
NC_045512.2,1098,A,G,1
NC_045512.2,1135,G,GA,1
NC_045512.2,1212,G,T,1
NC_045512.2,1225,C,T,1
NC_045512.2,1233,G,T,1
NC_045512.2,1254,C,T,1
NC_045512.2,1267,C,T,1
NC_045512.2,1288,C,T,1
NC_045512.2,1299,G,A,1
NC_045512.2,1319,G,A,1
NC_045512.2,1342,CT,C,1
NC_045512.2,1346,C,A,1
NC_045512.2,1354,T,C,1
NC_045512.2,1385,C,T,1
NC_045512.2,1392,C,T,1
NC_045512.2,1397,G,A,1
NC_045512.2,1401,G,A,1
NC_045512.2,1406,G,A,1
NC_045512.2,1427,C,T,1
NC_045512.2,1437,C,T,1
NC_045512.2,1509,G,T,1
NC_045512.2,1513,C,T,1
NC_045512.2,1519,C,T,1
NC_045512.2,1541,CG,C,1
NC_045512.2,1545,C,T,1
NC_045512.2,1549,C,T,1
NC_045512.2,1589,G,A,1
NC_045512.2,1612,C,T,1
NC_045512.2,1633,A,G,1
NC_045512.2,1636,G,GA,1
NC_045512.2,1677,A,G,1
NC_045512.2,1727,G,A,1
NC_045512.2,1729,G,A,1
NC_045512.2,1730,G,A,1
NC_045512.2,1738,G,A,1
NC_045512.2,1758,C,T,1
NC_045512.2,1849,A,C,1
NC_045512.2,1860,C,A,1
NC_045512.2,1926,C,T,1
NC_045512.2,1936,T,C,1
NC_045512.2,1968,C,T,1
NC_045512.2,2003,C,T,1
NC_045512.2,2040,C,T,1
NC_045512.2,2044,C,T,1
NC_045512.2,2061,C,T,1
NC_045512.2,2062,C,T,1
NC_045512.2,2137,C,CA,1
NC_045512.2,2198,G,T,1
NC_045512.2,2220,T,C,1
NC_045512.2,2272,G,T,1
NC_045512.2,2287,T,A,1
NC_045512.2,2289,T,C,1
NC_045512.2,2295,C,T,1
NC_045512.2,2306,C,T,1
NC_045512.2,2309,G,A,1
NC_045512.2,2316,A,G,1
NC_045512.2,2320,T,G,1
NC_045512.2,2330,T,G,1
NC_045512.2,2334,C,T,1
NC_045512.2,2368,A,G,1
NC_045512.2,2404,A,C,1
NC_045512.2,2407,G,A,1
NC_045512.2,2416,C,T,1
NC_045512.2,2425,T,G,1
NC_045512.2,2426,G,T,1
NC_045512.2,2441,G,A,1
NC_045512.2,2457,TG,T,1
NC_045512.2,2458,G,T,1
NC_045512.2,2462,C,T,1
NC_045512.2,2486,T,C,1
NC_045512.2,2491,A,G,1
NC_045512.2,2560,AT,A,1
NC_045512.2,2574,C,T,1
NC_045512.2,2601,T,C,1
NC_045512.2,2653,A,G,1
NC_045512.2,2676,C,A,1
NC_045512.2,2692,A,T,1
NC_045512.2,2698,T,C,1
NC_045512.2,2704,C,T,1
NC_045512.2,2721,C,T,1
NC_045512.2,2726,A,G,1
NC_045512.2,2859,G,A,1
NC_045512.2,2935,T,C,1
NC_045512.2,2997,C,T,1
NC_045512.2,3033,C,CT,1
NC_045512.2,3049,T,C,1
NC_045512.2,3071,T,A,1
NC_045512.2,3101,C,A,1
NC_045512.2,3122,G,A,1
NC_045512.2,3140,C,T,1
NC_045512.2,3175,A,G,1
NC_045512.2,3238,A,G,1
NC_045512.2,3265,T,C,1
NC_045512.2,3265,TAC,T,1
NC_045512.2,3279,T,C,1
NC_045512.2,3312,T,G,1
NC_045512.2,3367,T,C,1
NC_045512.2,3370,T,C,1
NC_045512.2,3429,C,T,1
NC_045512.2,3433,G,A,1
NC_045512.2,3471,G,A,1
NC_045512.2,3506,A,G,1
NC_045512.2,3508,T,C,1
NC_045512.2,3551,C,T,1
NC_045512.2,3682,T,C,1
NC_045512.2,3692,G,T,1
NC_045512.2,3708,T,C,1
NC_045512.2,3717,C,T,1
NC_045512.2,3728,G,T,1
NC_045512.2,3785,TAC,T,1
NC_045512.2,3787,C,T,1
NC_045512.2,3797,T,C,1
NC_045512.2,3828,C,T,1
NC_045512.2,3834,T,C,1
NC_045512.2,3838,G,A,1
NC_045512.2,3871,G,A,1
NC_045512.2,3902,C,T,1
NC_045512.2,3950,GATA,G,1
NC_045512.2,3954,A,G,1
NC_045512.2,3955,G,A,1
NC_045512.2,3961,C,T,1
NC_045512.2,4039,C,T,1
NC_045512.2,4069,C,T,1
NC_045512.2,4088,G,A,1
NC_045512.2,4095,C,T,1
NC_045512.2,4145,G,T,1
NC_045512.2,4205,G,T,1
NC_045512.2,4212,C,T,1
NC_045512.2,4219,A,G,1
NC_045512.2,4222,A,C,1
NC_045512.2,4233,A,G,1
NC_045512.2,4255,G,A,1
NC_045512.2,4263,G,T,1
NC_045512.2,4303,T,TA,1
NC_045512.2,4320,C,CT,1
NC_045512.2,4361,G,GA,1
NC_045512.2,4385,A,G,1
NC_045512.2,4391,C,A,1
NC_045512.2,4405,A,C,1
NC_045512.2,4476,G,T,1
NC_045512.2,4492,TAA,T,1
NC_045512.2,4543,C,T,1
NC_045512.2,4573,C,T,1
NC_045512.2,4584,ATC,A,1
NC_045512.2,4587,T,A,1
NC_045512.2,4654,T,C,1
NC_045512.2,4682,G,A,1
NC_045512.2,4683,C,T,1
NC_045512.2,4686,C,T,1
NC_045512.2,4840,AG,A,1
NC_045512.2,4851,A,G,1
NC_045512.2,4871,T,C,1
NC_045512.2,4918,C,T,1
NC_045512.2,5028,T,A,1
NC_045512.2,5029,G,C,1
NC_045512.2,5059,T,C,1
NC_045512.2,5104,T,G,1
NC_045512.2,5111,A,G,1
NC_045512.2,5143,T,C,1
NC_045512.2,5150,G,A,1
NC_045512.2,5157,CT,C,1
NC_045512.2,5182,T,C,1
NC_045512.2,5237,T,G,1
NC_045512.2,5241,C,T,1
NC_045512.2,5284,C,T,1
NC_045512.2,5338,T,C,1
NC_045512.2,5346,C,T,1
NC_045512.2,5405,A,G,1
NC_045512.2,5467,C,T,1
NC_045512.2,5479,T,C,1
NC_045512.2,5481,C,T,1
NC_045512.2,5490,A,G,1
NC_045512.2,5512,C,T,1
NC_045512.2,5539,G,T,1
NC_045512.2,5597,CA,C,1
NC_045512.2,5665,G,A,1
NC_045512.2,5822,C,T,1
NC_045512.2,5920,T,C,1
NC_045512.2,6016,C,T,1
NC_045512.2,6027,C,T,1
NC_045512.2,6052,GT,G,1
NC_045512.2,6123,GA,G,1
NC_045512.2,6145,C,T,1
NC_045512.2,6151,C,T,1
NC_045512.2,6178,T,C,1
NC_045512.2,6192,C,T,1
NC_045512.2,6196,C,A,1
NC_045512.2,6212,G,T,1
NC_045512.2,6255,C,T,1
NC_045512.2,6268,C,T,1
NC_045512.2,6293,A,G,1
NC_045512.2,6324,A,G,1
NC_045512.2,6352,G,A,1
NC_045512.2,6354,C,T,1
NC_045512.2,6374,G,T,1
NC_045512.2,6383,G,A,1
NC_045512.2,6388,C,T,1
NC_045512.2,6393,A,G,1
NC_045512.2,6395,C,T,1
NC_045512.2,6402,C,T,1
NC_045512.2,6408,C,T,1
NC_045512.2,6444,AC,A,1
NC_045512.2,6446,G,T,1
NC_045512.2,6449,C,T,1
NC_045512.2,6459,A,G,1
NC_045512.2,6471,C,A,1
NC_045512.2,6479,G,A,1
NC_045512.2,6535,T,C,1
NC_045512.2,6536,G,A,1
NC_045512.2,6537,G,T,1
NC_045512.2,6555,C,A,1
NC_045512.2,6568,C,T,1
NC_045512.2,6569,A,G,1
NC_045512.2,6619,T,C,1
NC_045512.2,6637,T,A,1
NC_045512.2,6648,C,T,1
NC_045512.2,6681,CTAA,C,1
NC_045512.2,6700,T,C,1
NC_045512.2,6701,C,T,1
NC_045512.2,6706,C,T,1
NC_045512.2,6706,CA,C,1
NC_045512.2,6713,G,A,1
NC_045512.2,6730,C,T,1
NC_045512.2,6740,CG,C,1
NC_045512.2,6744,G,T,1
NC_045512.2,6751,C,T,1
NC_045512.2,6781,C,T,1
NC_045512.2,6787,T,C,1
NC_045512.2,6843,C,T,1
NC_045512.2,6855,C,T,1
NC_045512.2,6857,A,G,1
NC_045512.2,6896,C,T,1
NC_045512.2,6902,G,A,1
NC_045512.2,6931,T,A,1
NC_045512.2,6972,T,C,1
NC_045512.2,6993,T,C,1
NC_045512.2,7002,C,T,1
NC_045512.2,7006,C,T,1
NC_045512.2,7020,T,C,1
NC_045512.2,7036,A,G,1
NC_045512.2,7042,G,T,1
NC_045512.2,7057,TG,T,1
NC_045512.2,7064,A,G,1
NC_045512.2,7071,G,A,1
NC_045512.2,7098,T,C,1
NC_045512.2,7119,C,T,1
NC_045512.2,7145,G,A,1
NC_045512.2,7164,C,T,1
NC_045512.2,7165,C,T,1
NC_045512.2,7169,C,T,1
NC_045512.2,7185,T,C,1
NC_045512.2,7235,G,A,1
NC_045512.2,7272,G,A,1
NC_045512.2,7282,T,C,1
NC_045512.2,7290,G,A,1
NC_045512.2,7318,C,T,1
NC_045512.2,7330,A,G,1
NC_045512.2,7345,T,TA,1
NC_045512.2,7357,T,C,1
NC_045512.2,7360,G,T,1
NC_045512.2,7401,C,T,1
NC_045512.2,7553,G,T,1
NC_045512.2,7598,TG,T,1
NC_045512.2,7613,TG,T,1
NC_045512.2,7621,T,G,1
NC_045512.2,7639,C,T,1
NC_045512.2,7646,G,T,1
NC_045512.2,7743,G,T,1
NC_045512.2,7783,T,C,1
NC_045512.2,7852,T,C,1
NC_045512.2,7903,A,G,1
NC_045512.2,7945,C,T,1
NC_045512.2,7964,C,T,1
NC_045512.2,7984,T,C,1
NC_045512.2,8074,C,T,1
NC_045512.2,8075,G,T,1
NC_045512.2,8101,A,G,1
NC_045512.2,8123,C,T,1
NC_045512.2,8144,G,A,1
NC_045512.2,8156,T,C,1
NC_045512.2,8158,T,C,1
NC_045512.2,8274,G,A,1
NC_045512.2,8290,C,T,1
NC_045512.2,8299,C,T,1
NC_045512.2,8344,C,T,1
NC_045512.2,8591,G,T,1
NC_045512.2,8605,C,T,1
NC_045512.2,8704,T,A,1
NC_045512.2,8719,T,C,1
NC_045512.2,8733,C,T,1
NC_045512.2,8737,T,C,1
NC_045512.2,8747,G,T,1
NC_045512.2,8752,C,CA,1
NC_045512.2,8756,C,T,1
NC_045512.2,8793,G,T,1
NC_045512.2,8796,GT,G,1
NC_045512.2,8821,A,T,1
NC_045512.2,8824,G,T,1
NC_045512.2,8849,G,A,1
NC_045512.2,8850,TG,T,1
NC_045512.2,8853,GTT,G,1
NC_045512.2,8866,TGG,T,1
NC_045512.2,8883,T,C,1
NC_045512.2,8956,C,T,1
NC_045512.2,8964,C,T,1
NC_045512.2,9026,A,T,1
NC_045512.2,9030,T,C,1
NC_045512.2,9057,CAT,C,1
NC_045512.2,9067,T,C,1
NC_045512.2,9099,ATG,A,1
NC_045512.2,9101,GAA,G,1
NC_045512.2,9154,AT,A,1
NC_045512.2,9166,C,T,1
NC_045512.2,9175,A,G,1
NC_045512.2,9178,T,C,1
NC_045512.2,9198,CT,C,1
NC_045512.2,9226,C,T,1
NC_045512.2,9250,T,C,1
NC_045512.2,9259,A,G,1
NC_045512.2,9278,G,T,1
NC_045512.2,9286,C,T,1
NC_045512.2,9319,C,T,1
NC_045512.2,9352,T,C,1
NC_045512.2,9365,C,T,1
NC_045512.2,9401,T,C,1
NC_045512.2,9409,A,G,1
NC_045512.2,9421,T,A,1
NC_045512.2,9422,G,T,1
NC_045512.2,9474,C,T,1
NC_045512.2,9502,C,CT,1
NC_045512.2,9635,G,A,1
NC_045512.2,9646,G,A,1
NC_045512.2,9666,C,T,1
NC_045512.2,9777,C,A,1
NC_045512.2,9778,C,T,1
NC_045512.2,9803,C,T,1
NC_045512.2,9811,C,T,1
NC_045512.2,9811,C,CT,1
NC_045512.2,9856,G,T,1
NC_045512.2,9943,C,T,1
NC_045512.2,9955,TTG,T,1
NC_045512.2,10003,T,C,1
NC_045512.2,10010,C,T,1
NC_045512.2,10024,AC,A,1
NC_045512.2,10028,A,G,1
NC_045512.2,10051,G,C,1
NC_045512.2,10055,AGTG,A,1
NC_045512.2,10092,T,C,1
NC_045512.2,10100,T,C,1
NC_045512.2,10142,C,A,1
NC_045512.2,10201,G,C,1
NC_045512.2,10228,C,T,1
NC_045512.2,10282,G,A,1
NC_045512.2,10296,C,T,1
NC_045512.2,10364,G,GT,1
NC_045512.2,10387,T,C,1
NC_045512.2,10393,A,C,1
NC_045512.2,10414,T,C,1
NC_045512.2,10540,G,T,1
NC_045512.2,10575,G,C,1
NC_045512.2,10615,C,T,1
NC_045512.2,10619,C,A,1
NC_045512.2,10619,C,CA,1
NC_045512.2,10633,A,T,1
NC_045512.2,10681,CGCT,C,1
NC_045512.2,10704,G,T,1
NC_045512.2,10721,T,C,1
NC_045512.2,10733,C,T,1
NC_045512.2,10782,C,T,1
NC_045512.2,10789,C,T,1
NC_045512.2,10842,A,C,1
NC_045512.2,10864,A,G,1
NC_045512.2,10889,C,T,1
NC_045512.2,10906,TG,T,1
NC_045512.2,10933,T,C,1
NC_045512.2,10962,T,C,1
NC_045512.2,11003,C,T,1
NC_045512.2,11067,C,T,1
NC_045512.2,11069,T,C,1
NC_045512.2,11071,G,A,1
NC_045512.2,11074,CT,C,1
NC_045512.2,11075,T,C,1
NC_045512.2,11083,G,T,1
NC_045512.2,11094,C,T,1
NC_045512.2,11095,C,T,1
NC_045512.2,11103,C,T,1
NC_045512.2,11204,G,A,1
NC_045512.2,11249,C,T,1
NC_045512.2,11256,T,C,1
NC_045512.2,11266,G,T,1
NC_045512.2,11322,C,T,1
NC_045512.2,11339,C,T,1
NC_045512.2,11439,A,G,1
NC_045512.2,11540,G,GT,1
NC_045512.2,11559,A,G,1
NC_045512.2,11560,T,C,1
NC_045512.2,11628,A,AT,1
NC_045512.2,11653,C,T,1
NC_045512.2,11681,C,T,1
NC_045512.2,11756,C,A,1
NC_045512.2,11812,C,A,1
NC_045512.2,11828,G,A,1
NC_045512.2,11866,C,T,1
NC_045512.2,11914,A,G,1
NC_045512.2,11929,G,T,1
NC_045512.2,11963,T,C,1
NC_045512.2,11979,C,T,1
NC_045512.2,12027,T,C,1
NC_045512.2,12054,T,C,1
NC_045512.2,12111,G,T,1
NC_045512.2,12113,T,C,1
NC_045512.2,12220,T,C,1
NC_045512.2,12316,A,G,1
NC_045512.2,12325,C,T,1
NC_045512.2,12344,A,G,1
NC_045512.2,12364,T,C,1
NC_045512.2,12415,CA,C,1
NC_045512.2,12439,C,T,1
NC_045512.2,12469,C,T,1
NC_045512.2,12483,T,C,1
NC_045512.2,12513,C,T,1
NC_045512.2,12523,T,G,1
NC_045512.2,12526,A,G,1
NC_045512.2,12540,C,T,1
NC_045512.2,12554,G,A,1
NC_045512.2,12559,C,T,1
NC_045512.2,12587,A,G,1
NC_045512.2,12593,C,T,1
NC_045512.2,12623,C,T,1
NC_045512.2,12651,C,T,1
NC_045512.2,12664,C,A,1
NC_045512.2,12757,TG,T,1
NC_045512.2,12786,C,T,1
NC_045512.2,12789,CA,C,1
NC_045512.2,12792,AG,A,1
NC_045512.2,12793,G,T,1
NC_045512.2,12801,G,A,1
NC_045512.2,12854,C,T,1
NC_045512.2,12920,A,G,1
NC_045512.2,12934,T,C,1
NC_045512.2,12952,C,T,1
NC_045512.2,12995,G,T,1
NC_045512.2,13024,A,G,1
NC_045512.2,13084,T,G,1
NC_045512.2,13111,T,C,1
NC_045512.2,13134,C,CA,1
NC_045512.2,13136,A,G,1
NC_045512.2,13146,G,C,1
NC_045512.2,13195,T,C,1
NC_045512.2,13201,G,C,1
NC_045512.2,13220,G,A,1
NC_045512.2,13225,C,T,1
NC_045512.2,13234,T,C,1
NC_045512.2,13269,A,G,1
NC_045512.2,13270,T,C,1
NC_045512.2,13287,G,A,1
NC_045512.2,13326,C,T,1
NC_045512.2,13329,C,T,1
NC_045512.2,13331,T,C,1
NC_045512.2,13356,C,T,1
NC_045512.2,13404,G,A,1
NC_045512.2,13441,G,A,1
NC_045512.2,13517,C,T,1
NC_045512.2,13528,G,T,1
NC_045512.2,13541,C,CT,1
NC_045512.2,13617,G,A,1
NC_045512.2,13638,T,G,1
NC_045512.2,13696,A,T,1
NC_045512.2,13704,T,C,1
NC_045512.2,13792,C,T,1
NC_045512.2,13965,C,T,1
NC_045512.2,13968,C,A,1
NC_045512.2,14001,A,T,1
NC_045512.2,14025,C,A,1
NC_045512.2,14041,A,G,1
NC_045512.2,14054,T,C,1
NC_045512.2,14078,A,G,1
NC_045512.2,14110,C,CA,1
NC_045512.2,14117,C,T,1
NC_045512.2,14118,G,A,1
NC_045512.2,14121,AG,A,1
NC_045512.2,14178,C,T,1
NC_045512.2,14189,C,T,1
NC_045512.2,14294,G,A,1
NC_045512.2,14313,T,C,1
NC_045512.2,14327,C,CA,1
NC_045512.2,14407,C,T,1
NC_045512.2,14427,AG,A,1
NC_045512.2,14428,G,T,1
NC_045512.2,14463,A,G,1
NC_045512.2,14530,T,C,1
NC_045512.2,14565,T,C,1
NC_045512.2,14625,C,T,1
NC_045512.2,14657,CT,C,1
NC_045512.2,14658,T,C,1
NC_045512.2,14670,CA,C,1
NC_045512.2,14673,A,G,1
NC_045512.2,14676,C,T,1
NC_045512.2,14694,CT,C,1
NC_045512.2,14695,T,C,1
NC_045512.2,14704,T,C,1
NC_045512.2,14737,A,G,1
NC_045512.2,14767,G,T,1
NC_045512.2,14829,G,T,1
NC_045512.2,14850,ATTT,A,1
NC_045512.2,14870,ATAAG,A,1
NC_045512.2,14937,C,A,1
NC_045512.2,14948,G,T,1
NC_045512.2,14948,G,GT,1
NC_045512.2,15020,T,C,1
NC_045512.2,15026,C,T,1
NC_045512.2,15111,A,G,1
NC_045512.2,15144,T,C,1
NC_045512.2,15158,A,G,1
NC_045512.2,15180,C,T,1
NC_045512.2,15230,G,T,1
NC_045512.2,15268,G,GA,1
NC_045512.2,15279,C,T,1
NC_045512.2,15364,CAT,C,1
NC_045512.2,15366,T,C,1
NC_045512.2,15369,A,G,1
NC_045512.2,15401,G,T,1
NC_045512.2,15433,G,A,1
NC_045512.2,15457,C,T,1
NC_045512.2,15477,A,G,1
NC_045512.2,15493,G,C,1
NC_045512.2,15531,T,C,1
NC_045512.2,15579,C,T,1
NC_045512.2,15596,A,G,1
NC_045512.2,15600,C,T,1
NC_045512.2,15624,T,C,1
NC_045512.2,15650,T,C,1
NC_045512.2,15651,T,C,1
NC_045512.2,15805,CAA,C,1
NC_045512.2,15813,T,C,1
NC_045512.2,15816,T,C,1
NC_045512.2,15839,G,T,1
NC_045512.2,15846,G,T,1
NC_045512.2,15861,A,G,1
NC_045512.2,15871,G,A,1
NC_045512.2,15936,A,C,1
NC_045512.2,16080,C,CT,1
NC_045512.2,16119,T,G,1
NC_045512.2,16128,A,G,1
NC_045512.2,16163,C,T,1
NC_045512.2,16401,TG,T,1
NC_045512.2,16430,TAG,T,1
NC_045512.2,16456,T,C,1
NC_045512.2,16481,C,T,1
NC_045512.2,16558,G,T,1
NC_045512.2,16635,T,C,1
NC_045512.2,16672,A,G,1
NC_045512.2,16719,A,G,1
NC_045512.2,16726,C,T,1
NC_045512.2,16741,G,T,1
NC_045512.2,16833,C,T,1
NC_045512.2,16877,C,T,1
NC_045512.2,16902,T,C,1
NC_045512.2,16960,CCA,C,1
NC_045512.2,16974,T,C,1
NC_045512.2,16995,C,T,1
NC_045512.2,17010,C,T,1
NC_045512.2,17067,T,C,1
NC_045512.2,17177,T,C,1
NC_045512.2,17213,C,T,1
NC_045512.2,17259,G,T,1
NC_045512.2,17280,G,T,1
NC_045512.2,17305,T,C,1
NC_045512.2,17349,T,A,1
NC_045512.2,17380,T,TA,1
NC_045512.2,17402,C,T,1
NC_045512.2,17498,AT,A,1
NC_045512.2,17502,C,T,1
NC_045512.2,17596,G,A,1
NC_045512.2,17626,C,T,1
NC_045512.2,17742,T,C,1
NC_045512.2,17746,C,T,1
NC_045512.2,17766,C,T,1
NC_045512.2,17804,CA,C,1
NC_045512.2,17809,AT,A,1
NC_045512.2,17977,C,T,1
NC_045512.2,18099,T,C,1
NC_045512.2,18124,G,T,1
NC_045512.2,18155,G,T,1
NC_045512.2,18183,C,T,1
NC_045512.2,18248,C,T,1
NC_045512.2,18290,G,T,1
NC_045512.2,18337,G,T,1
NC_045512.2,18435,T,C,1
NC_045512.2,18471,T,C,1
NC_045512.2,18486,C,T,1
NC_045512.2,18523,G,A,1
NC_045512.2,18568,C,T,1
NC_045512.2,18570,C,A,1
NC_045512.2,18637,A,G,1
NC_045512.2,18651,G,T,1
NC_045512.2,18657,C,T,1
NC_045512.2,18688,T,C,1
NC_045512.2,18744,C,T,1
NC_045512.2,18788,C,T,1
NC_045512.2,18795,C,T,1
NC_045512.2,18799,CA,C,1
NC_045512.2,18826,G,T,1
NC_045512.2,18836,A,G,1
NC_045512.2,18897,T,C,1
NC_045512.2,19017,C,T,1
NC_045512.2,19032,C,T,1
NC_045512.2,19035,T,A,1
NC_045512.2,19086,G,T,1
NC_045512.2,19101,G,T,1
NC_045512.2,19163,A,G,1
NC_045512.2,19186,C,T,1
NC_045512.2,19197,T,C,1
NC_045512.2,19231,G,T,1
NC_045512.2,19282,G,T,1
NC_045512.2,19305,T,C,1
NC_045512.2,19329,T,C,1
NC_045512.2,19342,G,A,1
NC_045512.2,19355,T,TA,1
NC_045512.2,19356,A,T,1
NC_045512.2,19373,T,C,1
NC_045512.2,19406,G,A,1
NC_045512.2,19411,C,T,1
NC_045512.2,19456,T,C,1
NC_045512.2,19459,A,G,1
NC_045512.2,19497,T,C,1
NC_045512.2,19529,CT,C,1
NC_045512.2,19533,T,C,1
NC_045512.2,19554,C,T,1
NC_045512.2,19572,C,T,1
NC_045512.2,19602,C,T,1
NC_045512.2,19671,A,G,1
NC_045512.2,19737,T,C,1
NC_045512.2,19763,C,T,1
NC_045512.2,19824,G,A,1
NC_045512.2,19827,G,GA,1
NC_045512.2,19841,A,T,1
NC_045512.2,19861,G,T,1
NC_045512.2,19987,T,C,1
NC_045512.2,20056,G,A,1
NC_045512.2,20060,G,T,1
NC_045512.2,20077,C,A,1
NC_045512.2,20095,C,T,1
NC_045512.2,20148,C,A,1
NC_045512.2,20170,G,C,1
NC_045512.2,20178,C,T,1
NC_045512.2,20185,T,C,1
NC_045512.2,20250,A,G,1
NC_045512.2,20284,A,T,1
NC_045512.2,20285,T,C,1
NC_045512.2,20287,G,A,1
NC_045512.2,20310,T,C,1
NC_045512.2,20332,G,A,1
NC_045512.2,20367,T,C,1
NC_045512.2,20405,C,T,1
NC_045512.2,20464,G,A,1
NC_045512.2,20486,A,G,1
NC_045512.2,20490,T,C,1
NC_045512.2,20552,T,C,1
NC_045512.2,20569,G,T,1
NC_045512.2,20599,A,G,1
NC_045512.2,20602,T,G,1
NC_045512.2,20628,C,T,1
NC_045512.2,20651,A,C,1
NC_045512.2,20663,G,A,1
NC_045512.2,20677,C,T,1
NC_045512.2,20679,G,T,1
NC_045512.2,20687,C,T,1
NC_045512.2,20703,C,CA,1
NC_045512.2,20764,T,C,1
NC_045512.2,20895,A,C,1
NC_045512.2,20908,G,GT,1
NC_045512.2,20915,G,C,1
NC_045512.2,20925,G,C,1
NC_045512.2,20964,C,CT,1
NC_045512.2,21156,C,T,1
NC_045512.2,21180,T,C,1
NC_045512.2,21218,TC,T,1
NC_045512.2,21309,A,G,1
NC_045512.2,21317,A,G,1
NC_045512.2,21357,T,C,1
NC_045512.2,21389,T,C,1
NC_045512.2,21432,T,A,1
NC_045512.2,21440,C,A,1
NC_045512.2,21475,T,C,1
NC_045512.2,21499,A,G,1
NC_045512.2,21597,C,T,1
NC_045512.2,21658,C,T,1
NC_045512.2,21715,T,C,1
NC_045512.2,21721,C,T,1
NC_045512.2,21742,C,A,1
NC_045512.2,21752,T,A,1
NC_045512.2,21789,C,T,1
NC_045512.2,21812,C,A,1
NC_045512.2,21920,G,T,1
NC_045512.2,21969,G,A,1
NC_045512.2,21991,TTA,T,1
NC_045512.2,21994,T,C,1
NC_045512.2,21995,T,A,1
NC_045512.2,21996,ACC,A,1
NC_045512.2,21997,C,A,1
NC_045512.2,21999,A,C,1
NC_045512.2,22028,G,C,1
NC_045512.2,22066,T,C,1
NC_045512.2,22084,T,C,1
NC_045512.2,22093,G,T,1
NC_045512.2,22105,A,T,1
NC_045512.2,22120,C,T,1
NC_045512.2,22188,C,T,1
NC_045512.2,22198,A,AAATGGTGAG,1
NC_045512.2,22211,C,T,1
NC_045512.2,22218,G,T,1
NC_045512.2,22224,CG,C,1
NC_045512.2,22302,GTTA,G,1
NC_045512.2,22304,T,C,1
NC_045512.2,22307,T,TGGCCAAGGG,1
NC_045512.2,22317,G,T,1
NC_045512.2,22326,C,T,1
NC_045512.2,22344,G,A,1
NC_045512.2,22376,C,A,1
NC_045512.2,22383,C,T,1
NC_045512.2,22426,T,G,1
NC_045512.2,22480,C,T,1
NC_045512.2,22486,AG,A,1
NC_045512.2,22524,A,T,1
NC_045512.2,22539,T,G,1
NC_045512.2,22604,G,T,1
NC_045512.2,22646,G,C,1
NC_045512.2,22663,C,T,1
NC_045512.2,22685,T,C,1
NC_045512.2,22689,C,T,1
NC_045512.2,22698,G,T,1
NC_045512.2,22736,T,C,1
NC_045512.2,22777,T,C,1
NC_045512.2,22784,A,G,1
NC_045512.2,22851,C,T,1
NC_045512.2,22879,C,T,1
NC_045512.2,22928,T,C,1
NC_045512.2,22945,C,T,1
NC_045512.2,22951,T,C,1
NC_045512.2,22985,G,A,1
NC_045512.2,22987,C,T,1
NC_045512.2,23029,C,T,1
NC_045512.2,23053,C,T,1
NC_045512.2,23101,TTC,T,1
NC_045512.2,23124,C,A,1
NC_045512.2,23130,C,T,1
NC_045512.2,23218,T,C,1
NC_045512.2,23263,A,G,1
NC_045512.2,23267,A,G,1
NC_045512.2,23344,T,C,1
NC_045512.2,23417,G,A,1
NC_045512.2,23419,A,G,1
NC_045512.2,23423,C,T,1
NC_045512.2,23434,T,C,1
NC_045512.2,23460,G,A,1
NC_045512.2,23464,T,C,1
NC_045512.2,23481,C,T,1
NC_045512.2,23533,C,T,1
NC_045512.2,23608,G,T,1
NC_045512.2,23666,G,A,1
NC_045512.2,23666,G,GA,1
NC_045512.2,23677,T,C,1
NC_045512.2,23726,G,A,1
NC_045512.2,23749,G,T,1
NC_045512.2,23757,C,T,1
NC_045512.2,23785,C,T,1
NC_045512.2,23796,A,G,1
NC_045512.2,23800,AACTG,A,1
NC_045512.2,23802,C,T,1
NC_045512.2,23817,T,C,1
NC_045512.2,23831,G,A,1
NC_045512.2,23852,A,G,1
NC_045512.2,23857,T,C,1
NC_045512.2,23886,A,G,1
NC_045512.2,23929,C,T,1
NC_045512.2,23953,T,C,1
NC_045512.2,23988,C,G,1
NC_045512.2,23989,A,C,1
NC_045512.2,24023,C,T,1
NC_045512.2,24095,G,T,1
NC_045512.2,24099,C,T,1
NC_045512.2,24130,C,T,1
NC_045512.2,24137,A,G,1
NC_045512.2,24139,T,C,1
NC_045512.2,24144,T,C,1
NC_045512.2,24163,T,C,1
NC_045512.2,24184,T,C,1
NC_045512.2,24188,G,T,1
NC_045512.2,24197,G,T,1
NC_045512.2,24214,T,A,1
NC_045512.2,24227,G,A,1
NC_045512.2,24236,G,T,1
NC_045512.2,24242,T,A,1
NC_045512.2,24299,C,T,1
NC_045512.2,24312,A,C,1
NC_045512.2,24320,CA,C,1
NC_045512.2,24337,C,T,1
NC_045512.2,24358,C,A,1
NC_045512.2,24410,G,A,1
NC_045512.2,24412,T,C,1
NC_045512.2,24477,C,A,1
NC_045512.2,24557,G,A,1
NC_045512.2,24615,T,C,1
NC_045512.2,24696,A,G,1
NC_045512.2,24721,T,C,1
NC_045512.2,24795,C,T,1
NC_045512.2,24797,C,A,1
NC_045512.2,24816,G,A,1
NC_045512.2,24909,C,A,1
NC_045512.2,24919,C,T,1
NC_045512.2,24929,T,C,1
NC_045512.2,24957,TTG,T,1
NC_045512.2,24977,G,C,1
NC_045512.2,25039,T,C,1
NC_045512.2,25125,A,C,1
NC_045512.2,25155,T,C,1
NC_045512.2,25157,G,C,1
NC_045512.2,25166,G,C,1
NC_045512.2,25202,TG,T,1
NC_045512.2,25209,T,C,1
NC_045512.2,25219,T,C,1
NC_045512.2,25251,TG,T,1
NC_045512.2,25260,T,C,1
NC_045512.2,25357,C,CA,1
NC_045512.2,25429,G,C,1
NC_045512.2,25433,C,T,1
NC_045512.2,25477,G,A,1
NC_045512.2,25496,T,C,1
NC_045512.2,25511,C,T,1
NC_045512.2,25557,T,C,1
NC_045512.2,25571,C,T,1
NC_045512.2,25630,G,GT,1
NC_045512.2,25650,G,T,1
NC_045512.2,25660,G,GT,1
NC_045512.2,25672,C,T,1
NC_045512.2,25681,G,T,1
NC_045512.2,25693,C,T,1
NC_045512.2,25711,T,C,1
NC_045512.2,25732,T,G,1
NC_045512.2,25745,T,C,1
NC_045512.2,25785,G,T,1
NC_045512.2,25793,G,T,1
NC_045512.2,25797,C,G,1
NC_045512.2,25824,C,T,1
NC_045512.2,25845,TAA,T,1
NC_045512.2,25854,C,T,1
NC_045512.2,25855,G,C,1
NC_045512.2,25904,C,T,1
NC_045512.2,25906,G,T,1
NC_045512.2,25936,C,T,1
NC_045512.2,25987,G,C,1
NC_045512.2,26000,T,C,1
NC_045512.2,26031,G,A,1
NC_045512.2,26103,T,C,1
NC_045512.2,26151,C,T,1
NC_045512.2,26160,T,C,1
NC_045512.2,26331,T,C,1
NC_045512.2,26335,C,T,1
NC_045512.2,26359,TTGTG,T,1
NC_045512.2,26367,G,A,1
NC_045512.2,26428,G,T,1
NC_045512.2,26459,A,G,1
NC_045512.2,26465,T,G,1
NC_045512.2,26478,CTAAAT,C,1
NC_045512.2,26493,G,GT,1
NC_045512.2,26520,G,T,1
NC_045512.2,26561,TAA,T,1
NC_045512.2,26586,C,T,1
NC_045512.2,26596,G,T,1
NC_045512.2,26596,G,GT,1
NC_045512.2,26654,G,T,1
NC_045512.2,26668,T,C,1
NC_045512.2,26676,A,G,1
NC_045512.2,26723,TG,T,1
NC_045512.2,26729,T,C,1
NC_045512.2,26735,C,T,1
NC_045512.2,26768,C,T,1
NC_045512.2,26804,C,T,1
NC_045512.2,26822,C,T,1
NC_045512.2,26951,G,C,1
NC_045512.2,26960,T,C,1
NC_045512.2,26971,GTA,G,1
NC_045512.2,26999,T,C,1
NC_045512.2,27002,C,T,1
NC_045512.2,27062,A,T,1
NC_045512.2,27071,T,C,1
NC_045512.2,27074,G,T,1
NC_045512.2,27097,G,T,1
NC_045512.2,27157,GT,G,1
NC_045512.2,27175,C,T,1
NC_045512.2,27213,C,T,1
NC_045512.2,27218,A,G,1
NC_045512.2,27220,T,C,1
NC_045512.2,27283,A,G,1
NC_045512.2,27295,A,T,1
NC_045512.2,27297,C,T,1
NC_045512.2,27389,C,T,1
NC_045512.2,27393,C,T,1
NC_045512.2,27415,G,A,1
NC_045512.2,27466,A,C,1
NC_045512.2,27507,A,C,1
NC_045512.2,27509,C,T,1
NC_045512.2,27532,C,A,1
NC_045512.2,27575,C,A,1
NC_045512.2,27577,CAATTTGCTTTTGCTTGTCCTGACGGCGTAAAACACGTCTATCAGTT,C,1
NC_045512.2,27580,T,C,1
NC_045512.2,27596,C,T,1
NC_045512.2,27623,T,C,1
NC_045512.2,27657,C,T,1
NC_045512.2,27679,C,T,1
NC_045512.2,27684,C,T,1
NC_045512.2,27685,T,A,1
NC_045512.2,27689,C,T,1
NC_045512.2,27720,T,C,1
NC_045512.2,27739,C,T,1
NC_045512.2,27762,G,T,1
NC_045512.2,27876,T,C,1
NC_045512.2,27903,C,T,1
NC_045512.2,27906,G,A,1
NC_045512.2,27945,C,T,1
NC_045512.2,27983,A,G,1
NC_045512.2,27999,C,T,1
NC_045512.2,28002,T,G,1
NC_045512.2,28003,G,T,1
NC_045512.2,28011,C,T,1
NC_045512.2,28113,A,G,1
NC_045512.2,28139,C,T,1
NC_045512.2,28223,G,T,1
NC_045512.2,28253,CA,C,1
NC_045512.2,28291,C,T,1
NC_045512.2,28340,T,C,1
NC_045512.2,28365,A,G,1
NC_045512.2,28382,T,C,1
NC_045512.2,28419,C,T,1
NC_045512.2,28474,T,G,1
NC_045512.2,28495,T,C,1
NC_045512.2,28498,C,T,1
NC_045512.2,28500,C,T,1
NC_045512.2,28585,C,T,1
NC_045512.2,28612,A,G,1
NC_045512.2,28660,C,T,1
NC_045512.2,28677,C,T,1
NC_045512.2,28703,G,C,1
NC_045512.2,28744,C,A,1
NC_045512.2,28834,A,G,1
NC_045512.2,28852,T,C,1
NC_045512.2,28904,G,T,1
NC_045512.2,28907,G,T,1
NC_045512.2,28926,C,T,1
NC_045512.2,28978,T,A,1
NC_045512.2,28994,C,A,1
NC_045512.2,29003,C,A,1
NC_045512.2,29024,G,T,1
NC_045512.2,29067,C,T,1
NC_045512.2,29068,T,C,1
NC_045512.2,29095,C,T,1
NC_045512.2,29123,G,T,1
NC_045512.2,29137,C,T,1
NC_045512.2,29200,C,T,1
NC_045512.2,29260,G,A,1
NC_045512.2,29369,A,G,1
NC_045512.2,29422,G,A,1
NC_045512.2,29445,C,T,1
NC_045512.2,29464,TG,T,1
NC_045512.2,29536,T,C,1
NC_045512.2,29543,G,T,1
NC_045512.2,29567,A,G,1
NC_045512.2,29631,A,G,1
NC_045512.2,29632,C,T,1
NC_045512.2,29688,G,T,1
NC_045512.2,29700,A,G,1
NC_045512.2,29706,G,T,1
NC_045512.2,29719,C,T,1
NC_045512.2,29742,G,T,1
NC_045512.2,29779,G,T,1
NC_045512.2,29807,T,C,1
NC_045512.2,29810,G,T,1
